Seed,Track_Name,Reset_Type,Brain_Type,Learning_Rate,Time
None,R,Stop_Reset,QLearning,0.01,191
None,R,Stop_Reset,QLearning,0.01,914
None,R,Stop_Reset,QLearning,0.01,230
None,R,Stop_Reset,QLearning,0.01,1568
None,R,Stop_Reset,QLearning,0.01,289
None,R,Stop_Reset,QLearning,0.01,406
None,R,Stop_Reset,QLearning,0.01,583
None,R,Stop_Reset,QLearning,0.01,522
None,R,Stop_Reset,QLearning,0.01,90
None,R,Stop_Reset,QLearning,0.01,122
None,R,Stop_Reset,QLearning,0.02,568
None,R,Stop_Reset,QLearning,0.02,595
None,R,Stop_Reset,QLearning,0.02,895
None,R,Stop_Reset,QLearning,0.02,86
None,R,Stop_Reset,QLearning,0.02,429
None,R,Stop_Reset,QLearning,0.02,316
None,R,Stop_Reset,QLearning,0.02,215
None,R,Stop_Reset,QLearning,0.02,562
None,R,Stop_Reset,QLearning,0.02,1054
None,R,Stop_Reset,QLearning,0.02,468
None,R,Stop_Reset,QLearning,0.03,1003
None,R,Stop_Reset,QLearning,0.03,1186
None,R,Stop_Reset,QLearning,0.03,432
None,R,Stop_Reset,QLearning,0.03,124
None,R,Stop_Reset,QLearning,0.03,131
None,R,Stop_Reset,QLearning,0.03,211
None,R,Stop_Reset,QLearning,0.03,1310
None,R,Stop_Reset,QLearning,0.03,328
None,R,Stop_Reset,QLearning,0.03,388
None,R,Stop_Reset,QLearning,0.03,348
None,R,Stop_Reset,QLearning,0.04,105
None,R,Stop_Reset,QLearning,0.04,442
None,R,Stop_Reset,QLearning,0.04,486
None,R,Stop_Reset,QLearning,0.04,320
None,R,Stop_Reset,QLearning,0.04,457
None,R,Stop_Reset,QLearning,0.04,309
None,R,Stop_Reset,QLearning,0.04,1058
None,R,Stop_Reset,QLearning,0.04,152
None,R,Stop_Reset,QLearning,0.04,332
None,R,Stop_Reset,QLearning,0.04,665
None,R,Stop_Reset,QLearning,0.05,933
None,R,Stop_Reset,QLearning,0.05,204
None,R,Stop_Reset,QLearning,0.05,124
None,R,Stop_Reset,QLearning,0.05,881
None,R,Stop_Reset,QLearning,0.05,128
None,R,Stop_Reset,QLearning,0.05,611
None,R,Stop_Reset,QLearning,0.05,465
None,R,Stop_Reset,QLearning,0.05,250
None,R,Stop_Reset,QLearning,0.05,324
None,R,Stop_Reset,QLearning,0.05,638
None,R,Stop_Reset,QLearning,0.06,1267
None,R,Stop_Reset,QLearning,0.06,973
None,R,Stop_Reset,QLearning,0.06,797
None,R,Stop_Reset,QLearning,0.06,420
None,R,Stop_Reset,QLearning,0.06,614
None,R,Stop_Reset,QLearning,0.06,267
None,R,Stop_Reset,QLearning,0.06,207
None,R,Stop_Reset,QLearning,0.06,255
None,R,Stop_Reset,QLearning,0.06,340
None,R,Stop_Reset,QLearning,0.06,78
None,R,Stop_Reset,QLearning,0.07,2769
None,R,Stop_Reset,QLearning,0.07,216
None,R,Stop_Reset,QLearning,0.07,623
None,R,Stop_Reset,QLearning,0.07,137
None,R,Stop_Reset,QLearning,0.07,603
None,R,Stop_Reset,QLearning,0.07,184
None,R,Stop_Reset,QLearning,0.07,499
None,R,Stop_Reset,QLearning,0.07,909
None,R,Stop_Reset,QLearning,0.07,969
None,R,Stop_Reset,QLearning,0.07,390
None,R,Stop_Reset,QLearning,0.08,297
None,R,Stop_Reset,QLearning,0.08,132
None,R,Stop_Reset,QLearning,0.08,805
None,R,Stop_Reset,QLearning,0.08,274
None,R,Stop_Reset,QLearning,0.08,115
None,R,Stop_Reset,QLearning,0.08,735
None,R,Stop_Reset,QLearning,0.08,375
None,R,Stop_Reset,QLearning,0.08,756
None,R,Stop_Reset,QLearning,0.08,314
None,R,Stop_Reset,QLearning,0.08,338
None,R,Stop_Reset,QLearning,0.09,215
None,R,Stop_Reset,QLearning,0.09,409
None,R,Stop_Reset,QLearning,0.09,182
None,R,Stop_Reset,QLearning,0.09,826
None,R,Stop_Reset,QLearning,0.09,93
None,R,Stop_Reset,QLearning,0.09,2279
None,R,Stop_Reset,QLearning,0.09,359
None,R,Stop_Reset,QLearning,0.09,530
None,R,Stop_Reset,QLearning,0.09,709
None,R,Stop_Reset,QLearning,0.09,112
None,R,Stop_Reset,QLearning,0.1,153
None,R,Stop_Reset,QLearning,0.1,97
None,R,Stop_Reset,QLearning,0.1,145
None,R,Stop_Reset,QLearning,0.1,673
None,R,Stop_Reset,QLearning,0.1,634
None,R,Stop_Reset,QLearning,0.1,816
None,R,Stop_Reset,QLearning,0.1,539
None,R,Stop_Reset,QLearning,0.1,606
None,R,Stop_Reset,QLearning,0.1,492
None,R,Stop_Reset,QLearning,0.1,571
None,R,Stop_Reset,QLearning,0.11,814
None,R,Stop_Reset,QLearning,0.11,310
None,R,Stop_Reset,QLearning,0.11,365
None,R,Stop_Reset,QLearning,0.11,376
None,R,Stop_Reset,QLearning,0.11,420
None,R,Stop_Reset,QLearning,0.11,287
None,R,Stop_Reset,QLearning,0.11,1127
None,R,Stop_Reset,QLearning,0.11,146
None,R,Stop_Reset,QLearning,0.11,1406
None,R,Stop_Reset,QLearning,0.11,272
None,R,Stop_Reset,QLearning,0.12,444
None,R,Stop_Reset,QLearning,0.12,138
None,R,Stop_Reset,QLearning,0.12,130
None,R,Stop_Reset,QLearning,0.12,501
None,R,Stop_Reset,QLearning,0.12,374
None,R,Stop_Reset,QLearning,0.12,1140
None,R,Stop_Reset,QLearning,0.12,708
None,R,Stop_Reset,QLearning,0.12,179
None,R,Stop_Reset,QLearning,0.12,263
None,R,Stop_Reset,QLearning,0.12,936
None,R,Stop_Reset,QLearning,0.13,107
None,R,Stop_Reset,QLearning,0.13,73
None,R,Stop_Reset,QLearning,0.13,1180
None,R,Stop_Reset,QLearning,0.13,440
None,R,Stop_Reset,QLearning,0.13,1405
None,R,Stop_Reset,QLearning,0.13,89
None,R,Stop_Reset,QLearning,0.13,564
None,R,Stop_Reset,QLearning,0.13,253
None,R,Stop_Reset,QLearning,0.13,410
None,R,Stop_Reset,QLearning,0.13,1903
None,R,Stop_Reset,QLearning,0.14,871
None,R,Stop_Reset,QLearning,0.14,94
None,R,Stop_Reset,QLearning,0.14,190
None,R,Stop_Reset,QLearning,0.14,124
None,R,Stop_Reset,QLearning,0.14,65518
None,R,Stop_Reset,QLearning,0.14,344
None,R,Stop_Reset,QLearning,0.14,1252
None,R,Stop_Reset,QLearning,0.14,894
None,R,Stop_Reset,QLearning,0.14,1027
None,R,Stop_Reset,QLearning,0.14,848
None,R,Stop_Reset,QLearning,0.15,628
None,R,Stop_Reset,QLearning,0.15,525
None,R,Stop_Reset,QLearning,0.15,303
None,R,Stop_Reset,QLearning,0.15,694
None,R,Stop_Reset,QLearning,0.15,1033
None,R,Stop_Reset,QLearning,0.15,783
None,R,Stop_Reset,QLearning,0.15,1594
None,R,Stop_Reset,QLearning,0.15,205
None,R,Stop_Reset,QLearning,0.15,133
None,R,Stop_Reset,QLearning,0.15,507
None,R,Stop_Reset,QLearning,0.16,259
None,R,Stop_Reset,QLearning,0.16,171
None,R,Stop_Reset,QLearning,0.16,767
None,R,Stop_Reset,QLearning,0.16,318
None,R,Stop_Reset,QLearning,0.16,380
None,R,Stop_Reset,QLearning,0.16,349
None,R,Stop_Reset,QLearning,0.16,94
None,R,Stop_Reset,QLearning,0.16,552
None,R,Stop_Reset,QLearning,0.16,491
None,R,Stop_Reset,QLearning,0.16,2394
None,R,Stop_Reset,QLearning,0.17,198
None,R,Stop_Reset,QLearning,0.17,375
None,R,Stop_Reset,QLearning,0.17,265
None,R,Stop_Reset,QLearning,0.17,1011
None,R,Stop_Reset,QLearning,0.17,236
None,R,Stop_Reset,QLearning,0.17,300
None,R,Stop_Reset,QLearning,0.17,222
None,R,Stop_Reset,QLearning,0.17,311
None,R,Stop_Reset,QLearning,0.17,484
None,R,Stop_Reset,QLearning,0.17,349
None,R,Stop_Reset,QLearning,0.18,214
None,R,Stop_Reset,QLearning,0.18,736
None,R,Stop_Reset,QLearning,0.18,246
None,R,Stop_Reset,QLearning,0.18,1500
None,R,Stop_Reset,QLearning,0.18,977
None,R,Stop_Reset,QLearning,0.18,323
None,R,Stop_Reset,QLearning,0.18,3409
None,R,Stop_Reset,QLearning,0.18,352
None,R,Stop_Reset,QLearning,0.18,297
None,R,Stop_Reset,QLearning,0.18,547
None,R,Stop_Reset,QLearning,0.19,190
None,R,Stop_Reset,QLearning,0.19,494
None,R,Stop_Reset,QLearning,0.19,130
None,R,Stop_Reset,QLearning,0.19,243
None,R,Stop_Reset,QLearning,0.19,1164
None,R,Stop_Reset,QLearning,0.19,498
None,R,Stop_Reset,QLearning,0.19,205
None,R,Stop_Reset,QLearning,0.19,258
None,R,Stop_Reset,QLearning,0.19,184
None,R,Stop_Reset,QLearning,0.19,220
None,R,Stop_Reset,QLearning,0.2,809
None,R,Stop_Reset,QLearning,0.2,394
None,R,Stop_Reset,QLearning,0.2,172
None,R,Stop_Reset,QLearning,0.2,243
None,R,Stop_Reset,QLearning,0.2,139
None,R,Stop_Reset,QLearning,0.2,139
None,R,Stop_Reset,QLearning,0.2,52283
None,R,Stop_Reset,QLearning,0.2,129
None,R,Stop_Reset,QLearning,0.2,687
None,R,Stop_Reset,QLearning,0.2,476
None,R,Stop_Reset,SARSA,0.01,938
None,R,Stop_Reset,SARSA,0.01,175
None,R,Stop_Reset,SARSA,0.01,114
None,R,Stop_Reset,SARSA,0.01,805
None,R,Stop_Reset,SARSA,0.01,1320
None,R,Stop_Reset,SARSA,0.01,112
None,R,Stop_Reset,SARSA,0.01,319
None,R,Stop_Reset,SARSA,0.01,412
None,R,Stop_Reset,SARSA,0.01,62
None,R,Stop_Reset,SARSA,0.01,588
None,R,Stop_Reset,SARSA,0.02,464
None,R,Stop_Reset,SARSA,0.02,385
None,R,Stop_Reset,SARSA,0.02,247
None,R,Stop_Reset,SARSA,0.02,166
None,R,Stop_Reset,SARSA,0.02,666
None,R,Stop_Reset,SARSA,0.02,519
None,R,Stop_Reset,SARSA,0.02,177
None,R,Stop_Reset,SARSA,0.02,116
None,R,Stop_Reset,SARSA,0.02,224
None,R,Stop_Reset,SARSA,0.02,374
None,R,Stop_Reset,SARSA,0.03,511
None,R,Stop_Reset,SARSA,0.03,1440
None,R,Stop_Reset,SARSA,0.03,199
None,R,Stop_Reset,SARSA,0.03,2348
None,R,Stop_Reset,SARSA,0.03,316
None,R,Stop_Reset,SARSA,0.03,234
None,R,Stop_Reset,SARSA,0.03,245
None,R,Stop_Reset,SARSA,0.03,408
None,R,Stop_Reset,SARSA,0.03,883
None,R,Stop_Reset,SARSA,0.03,790
None,R,Stop_Reset,SARSA,0.04,1139
None,R,Stop_Reset,SARSA,0.04,599
None,R,Stop_Reset,SARSA,0.04,3303
None,R,Stop_Reset,SARSA,0.04,313
None,R,Stop_Reset,SARSA,0.04,185
None,R,Stop_Reset,SARSA,0.04,311
None,R,Stop_Reset,SARSA,0.04,1791
None,R,Stop_Reset,SARSA,0.04,1340
None,R,Stop_Reset,SARSA,0.04,1419
None,R,Stop_Reset,SARSA,0.04,294
None,R,Stop_Reset,SARSA,0.05,502
None,R,Stop_Reset,SARSA,0.05,406
None,R,Stop_Reset,SARSA,0.05,359
None,R,Stop_Reset,SARSA,0.05,750
None,R,Stop_Reset,SARSA,0.05,513
None,R,Stop_Reset,SARSA,0.05,1508
None,R,Stop_Reset,SARSA,0.05,85
None,R,Stop_Reset,SARSA,0.05,393
None,R,Stop_Reset,SARSA,0.05,1107
None,R,Stop_Reset,SARSA,0.05,116
None,R,Stop_Reset,SARSA,0.06,238
None,R,Stop_Reset,SARSA,0.06,434
None,R,Stop_Reset,SARSA,0.06,333
None,R,Stop_Reset,SARSA,0.06,1279
None,R,Stop_Reset,SARSA,0.06,327
None,R,Stop_Reset,SARSA,0.06,398
None,R,Stop_Reset,SARSA,0.06,286
None,R,Stop_Reset,SARSA,0.06,140
None,R,Stop_Reset,SARSA,0.06,1156
None,R,Stop_Reset,SARSA,0.06,354
None,R,Stop_Reset,SARSA,0.07,331
None,R,Stop_Reset,SARSA,0.07,610
None,R,Stop_Reset,SARSA,0.07,126
None,R,Stop_Reset,SARSA,0.07,458
None,R,Stop_Reset,SARSA,0.07,650
None,R,Stop_Reset,SARSA,0.07,1854
None,R,Stop_Reset,SARSA,0.07,602
None,R,Stop_Reset,SARSA,0.07,149
None,R,Stop_Reset,SARSA,0.07,1611
None,R,Stop_Reset,SARSA,0.07,196
None,R,Stop_Reset,SARSA,0.08,963
None,R,Stop_Reset,SARSA,0.08,397
None,R,Stop_Reset,SARSA,0.08,599
None,R,Stop_Reset,SARSA,0.08,425
None,R,Stop_Reset,SARSA,0.08,519
None,R,Stop_Reset,SARSA,0.08,165
None,R,Stop_Reset,SARSA,0.08,311
None,R,Stop_Reset,SARSA,0.08,993
None,R,Stop_Reset,SARSA,0.08,472
None,R,Stop_Reset,SARSA,0.08,768
None,R,Stop_Reset,SARSA,0.09,112
None,R,Stop_Reset,SARSA,0.09,1415
None,R,Stop_Reset,SARSA,0.09,999
None,R,Stop_Reset,SARSA,0.09,813
None,R,Stop_Reset,SARSA,0.09,315
None,R,Stop_Reset,SARSA,0.09,1149
None,R,Stop_Reset,SARSA,0.09,390
None,R,Stop_Reset,SARSA,0.09,518
None,R,Stop_Reset,SARSA,0.09,2358
None,R,Stop_Reset,SARSA,0.09,287
None,R,Stop_Reset,SARSA,0.1,319
None,R,Stop_Reset,SARSA,0.1,323
None,R,Stop_Reset,SARSA,0.1,396
None,R,Stop_Reset,SARSA,0.1,220
None,R,Stop_Reset,SARSA,0.1,564
None,R,Stop_Reset,SARSA,0.1,759
None,R,Stop_Reset,SARSA,0.1,358
None,R,Stop_Reset,SARSA,0.1,184
None,R,Stop_Reset,SARSA,0.1,510
None,R,Stop_Reset,SARSA,0.1,563
None,R,Stop_Reset,SARSA,0.11,335
None,R,Stop_Reset,SARSA,0.11,957
None,R,Stop_Reset,SARSA,0.11,376
None,R,Stop_Reset,SARSA,0.11,372
None,R,Stop_Reset,SARSA,0.11,194
None,R,Stop_Reset,SARSA,0.11,443
None,R,Stop_Reset,SARSA,0.11,585
None,R,Stop_Reset,SARSA,0.11,305
None,R,Stop_Reset,SARSA,0.11,602
None,R,Stop_Reset,SARSA,0.11,227
None,R,Stop_Reset,SARSA,0.12,582
None,R,Stop_Reset,SARSA,0.12,189
None,R,Stop_Reset,SARSA,0.12,280
None,R,Stop_Reset,SARSA,0.12,148
None,R,Stop_Reset,SARSA,0.12,529
None,R,Stop_Reset,SARSA,0.12,259
None,R,Stop_Reset,SARSA,0.12,271
None,R,Stop_Reset,SARSA,0.12,269
None,R,Stop_Reset,SARSA,0.12,114
None,R,Stop_Reset,SARSA,0.12,295
None,R,Stop_Reset,SARSA,0.13,875
None,R,Stop_Reset,SARSA,0.13,142
None,R,Stop_Reset,SARSA,0.13,215
None,R,Stop_Reset,SARSA,0.13,200
None,R,Stop_Reset,SARSA,0.13,410
None,R,Stop_Reset,SARSA,0.13,559
None,R,Stop_Reset,SARSA,0.13,342
None,R,Stop_Reset,SARSA,0.13,690
None,R,Stop_Reset,SARSA,0.13,1811
None,R,Stop_Reset,SARSA,0.13,285
None,R,Stop_Reset,SARSA,0.14,82
None,R,Stop_Reset,SARSA,0.14,202
None,R,Stop_Reset,SARSA,0.14,713
None,R,Stop_Reset,SARSA,0.14,833
None,R,Stop_Reset,SARSA,0.14,693
None,R,Stop_Reset,SARSA,0.14,407
None,R,Stop_Reset,SARSA,0.14,478
None,R,Stop_Reset,SARSA,0.14,705
None,R,Stop_Reset,SARSA,0.14,547
None,R,Stop_Reset,SARSA,0.14,1079
None,R,Stop_Reset,SARSA,0.15,466
None,R,Stop_Reset,SARSA,0.15,517
None,R,Stop_Reset,SARSA,0.15,1588
None,R,Stop_Reset,SARSA,0.15,2401
None,R,Stop_Reset,SARSA,0.15,326
None,R,Stop_Reset,SARSA,0.15,1222
None,R,Stop_Reset,SARSA,0.15,484
None,R,Stop_Reset,SARSA,0.15,1571
None,R,Stop_Reset,SARSA,0.15,305
None,R,Stop_Reset,SARSA,0.15,362
None,R,Stop_Reset,SARSA,0.16,906
None,R,Stop_Reset,SARSA,0.16,258
None,R,Stop_Reset,SARSA,0.16,586
None,R,Stop_Reset,SARSA,0.16,454
None,R,Stop_Reset,SARSA,0.16,569
None,R,Stop_Reset,SARSA,0.16,351
None,R,Stop_Reset,SARSA,0.16,645
None,R,Stop_Reset,SARSA,0.16,580
None,R,Stop_Reset,SARSA,0.16,271
None,R,Stop_Reset,SARSA,0.16,140
None,R,Stop_Reset,SARSA,0.17,360
None,R,Stop_Reset,SARSA,0.17,131
None,R,Stop_Reset,SARSA,0.17,167878
None,R,Stop_Reset,SARSA,0.17,759
None,R,Stop_Reset,SARSA,0.17,1218
None,R,Stop_Reset,SARSA,0.17,58
None,R,Stop_Reset,SARSA,0.17,731
None,R,Stop_Reset,SARSA,0.17,2215
None,R,Stop_Reset,SARSA,0.17,58
None,R,Stop_Reset,SARSA,0.17,255
None,R,Stop_Reset,SARSA,0.18,180
None,R,Stop_Reset,SARSA,0.18,1244
None,R,Stop_Reset,SARSA,0.18,331
None,R,Stop_Reset,SARSA,0.18,221
None,R,Stop_Reset,SARSA,0.18,431
None,R,Stop_Reset,SARSA,0.18,137
None,R,Stop_Reset,SARSA,0.18,289
None,R,Stop_Reset,SARSA,0.18,467
None,R,Stop_Reset,SARSA,0.18,415
None,R,Stop_Reset,SARSA,0.18,406
None,R,Stop_Reset,SARSA,0.19,93
None,R,Stop_Reset,SARSA,0.19,506
None,R,Stop_Reset,SARSA,0.19,151
None,R,Stop_Reset,SARSA,0.19,179
None,R,Stop_Reset,SARSA,0.19,367
None,R,Stop_Reset,SARSA,0.19,177
None,R,Stop_Reset,SARSA,0.19,218
None,R,Stop_Reset,SARSA,0.19,510
None,R,Stop_Reset,SARSA,0.19,204
None,R,Stop_Reset,SARSA,0.19,447
None,R,Stop_Reset,SARSA,0.2,211
None,R,Stop_Reset,SARSA,0.2,339
None,R,Stop_Reset,SARSA,0.2,947
None,R,Stop_Reset,SARSA,0.2,214
None,R,Stop_Reset,SARSA,0.2,327
None,R,Stop_Reset,SARSA,0.2,886
None,R,Stop_Reset,SARSA,0.2,896
None,R,Stop_Reset,SARSA,0.2,407
None,R,Stop_Reset,SARSA,0.2,11960
None,R,Stop_Reset,SARSA,0.2,183
None,R,Start_Reset,QLearning,0.01,200000
None,R,Start_Reset,QLearning,0.01,65513
None,R,Start_Reset,QLearning,0.01,32745
None,R,Start_Reset,QLearning,0.01,200000
None,R,Start_Reset,QLearning,0.01,200000
None,R,Start_Reset,QLearning,0.01,200000
None,R,Start_Reset,QLearning,0.01,13493
None,R,Start_Reset,QLearning,0.01,10484
None,R,Start_Reset,QLearning,0.01,71523
None,R,Start_Reset,QLearning,0.01,200000
None,R,Start_Reset,QLearning,0.02,200000
None,R,Start_Reset,QLearning,0.02,122706
None,R,Start_Reset,QLearning,0.02,117572
None,R,Start_Reset,QLearning,0.02,64390
None,R,Start_Reset,QLearning,0.02,42229
None,R,Start_Reset,QLearning,0.02,200000
None,R,Start_Reset,QLearning,0.02,30921
None,R,Start_Reset,QLearning,0.02,1186
None,R,Start_Reset,QLearning,0.02,53741
None,R,Start_Reset,QLearning,0.02,110243
None,R,Start_Reset,QLearning,0.03,200000
None,R,Start_Reset,QLearning,0.03,198982
None,R,Start_Reset,QLearning,0.03,200000
None,R,Start_Reset,QLearning,0.03,117339
None,R,Start_Reset,QLearning,0.03,65226
None,R,Start_Reset,QLearning,0.03,56211
None,R,Start_Reset,QLearning,0.03,5718
None,R,Start_Reset,QLearning,0.03,200000
None,R,Start_Reset,QLearning,0.03,109387
None,R,Start_Reset,QLearning,0.03,106924
None,R,Start_Reset,QLearning,0.04,200000
None,R,Start_Reset,QLearning,0.04,200000
None,R,Start_Reset,QLearning,0.04,200000
None,R,Start_Reset,QLearning,0.04,200000
None,R,Start_Reset,QLearning,0.04,200000
None,R,Start_Reset,QLearning,0.04,200000
None,R,Start_Reset,QLearning,0.04,200000
None,R,Start_Reset,QLearning,0.04,200000
None,R,Start_Reset,QLearning,0.04,200000
None,R,Start_Reset,QLearning,0.04,200000
None,R,Start_Reset,SARSA,0.01,10628
None,R,Start_Reset,SARSA,0.01,10365
None,R,Start_Reset,SARSA,0.01,7593
None,R,Start_Reset,SARSA,0.01,7325
None,R,Start_Reset,SARSA,0.01,96501
None,R,Start_Reset,SARSA,0.01,14104
None,R,Start_Reset,SARSA,0.01,35586
None,R,Start_Reset,SARSA,0.01,20669
None,R,Start_Reset,SARSA,0.01,107855
None,R,Start_Reset,SARSA,0.01,24003
None,R,Start_Reset,SARSA,0.02,177674
None,R,Start_Reset,SARSA,0.02,22817
None,R,Start_Reset,SARSA,0.02,32615
None,R,Start_Reset,SARSA,0.02,17743
None,R,Start_Reset,SARSA,0.02,11831
None,R,Start_Reset,SARSA,0.02,46279
None,R,Start_Reset,SARSA,0.02,34871
None,R,Start_Reset,SARSA,0.02,88632
None,R,Start_Reset,SARSA,0.02,38094
None,R,Start_Reset,SARSA,0.02,38039
None,R,Start_Reset,SARSA,0.03,62533
None,R,Start_Reset,SARSA,0.03,45320
None,R,Start_Reset,SARSA,0.03,24907
None,R,Start_Reset,SARSA,0.03,26214
None,R,Start_Reset,SARSA,0.03,21356
None,R,Start_Reset,SARSA,0.03,40805
None,R,Start_Reset,SARSA,0.03,35003
None,R,Start_Reset,SARSA,0.03,22736
None,R,Start_Reset,SARSA,0.03,32992
None,R,Start_Reset,SARSA,0.03,9083
None,R,Start_Reset,SARSA,0.04,29645
None,R,Start_Reset,SARSA,0.04,18723
None,R,Start_Reset,SARSA,0.04,12680
None,R,Start_Reset,SARSA,0.04,13898
None,R,Start_Reset,SARSA,0.04,3754
None,R,Start_Reset,SARSA,0.04,40381
None,R,Start_Reset,SARSA,0.04,51120
None,R,Start_Reset,SARSA,0.04,20161
None,R,Start_Reset,SARSA,0.04,12743
None,R,Start_Reset,SARSA,0.04,13577
None,R,Start_Reset,SARSA,0.05,24731
None,R,Start_Reset,SARSA,0.05,33158
None,R,Start_Reset,SARSA,0.05,19030
None,R,Start_Reset,SARSA,0.05,46983
None,R,Start_Reset,SARSA,0.05,7038
None,R,Start_Reset,SARSA,0.05,45197
None,R,Start_Reset,SARSA,0.05,29599
None,R,Start_Reset,SARSA,0.05,9969
None,R,Start_Reset,SARSA,0.05,20908
None,R,Start_Reset,SARSA,0.05,22804
None,R,Start_Reset,SARSA,0.06,10587
None,R,Start_Reset,SARSA,0.06,67642
None,R,Start_Reset,SARSA,0.06,200000
None,R,Start_Reset,SARSA,0.06,2857
None,R,Start_Reset,SARSA,0.06,18334
None,R,Start_Reset,SARSA,0.06,10868
None,R,Start_Reset,SARSA,0.06,24528
None,R,Start_Reset,SARSA,0.06,13340
None,R,Start_Reset,SARSA,0.06,34906
None,R,Start_Reset,SARSA,0.06,19475
None,R,Start_Reset,SARSA,0.07,12971
None,R,Start_Reset,SARSA,0.07,39630
None,R,Start_Reset,SARSA,0.07,30386
None,R,Start_Reset,SARSA,0.07,47337
None,R,Start_Reset,SARSA,0.07,72647
None,R,Start_Reset,SARSA,0.07,11620
None,R,Start_Reset,SARSA,0.07,55924
None,R,Start_Reset,SARSA,0.07,49994
None,R,Start_Reset,SARSA,0.07,200000
None,R,Start_Reset,SARSA,0.07,35903
None,R,Start_Reset,SARSA,0.08,63514
None,R,Start_Reset,SARSA,0.08,200000
None,R,Start_Reset,SARSA,0.08,52904
None,R,Start_Reset,SARSA,0.08,31653
None,R,Start_Reset,SARSA,0.08,43886
None,R,Start_Reset,SARSA,0.08,10762
None,R,Start_Reset,SARSA,0.08,24104
None,R,Start_Reset,SARSA,0.08,142078
None,R,Start_Reset,SARSA,0.08,6217
None,R,Start_Reset,SARSA,0.08,10120
None,R,Start_Reset,SARSA,0.09,87861
None,R,Start_Reset,SARSA,0.09,64842
None,R,Start_Reset,SARSA,0.09,76734
None,R,Start_Reset,SARSA,0.09,37660
None,R,Start_Reset,SARSA,0.09,69159
None,R,Start_Reset,SARSA,0.09,42115
None,R,Start_Reset,SARSA,0.09,111752
None,R,Start_Reset,SARSA,0.09,36835
None,R,Start_Reset,SARSA,0.09,22903
None,R,Start_Reset,SARSA,0.09,17354
None,R,Start_Reset,SARSA,0.1,23597
None,R,Start_Reset,SARSA,0.1,27955
None,R,Start_Reset,SARSA,0.1,16931
None,R,Start_Reset,SARSA,0.1,3370
None,R,Start_Reset,SARSA,0.1,46148
None,R,Start_Reset,SARSA,0.1,24265
None,R,Start_Reset,SARSA,0.1,5699
None,R,Start_Reset,SARSA,0.1,200000
None,R,Start_Reset,SARSA,0.1,18574
None,R,Start_Reset,SARSA,0.1,48334
None,R,Start_Reset,SARSA,0.11,35638
None,R,Start_Reset,SARSA,0.11,86002
None,R,Start_Reset,SARSA,0.11,1708
None,R,Start_Reset,SARSA,0.11,28615
None,R,Start_Reset,SARSA,0.11,31224
None,R,Start_Reset,SARSA,0.11,200000
None,R,Start_Reset,SARSA,0.11,18210
None,R,Start_Reset,SARSA,0.11,51722
None,R,Start_Reset,SARSA,0.11,46478
None,R,Start_Reset,SARSA,0.11,17320
None,R,Start_Reset,SARSA,0.12,9837
None,R,Start_Reset,SARSA,0.12,200000
None,R,Start_Reset,SARSA,0.12,12933
None,R,Start_Reset,SARSA,0.12,200000
None,R,Start_Reset,SARSA,0.12,91303
None,R,Start_Reset,SARSA,0.12,46032
None,R,Start_Reset,SARSA,0.12,93015
None,R,Start_Reset,SARSA,0.12,24065
None,R,Start_Reset,SARSA,0.12,200000
None,R,Start_Reset,SARSA,0.12,57546
None,R,Start_Reset,SARSA,0.13,105303
None,R,Start_Reset,SARSA,0.13,60846
None,R,Start_Reset,SARSA,0.13,41004
None,R,Start_Reset,SARSA,0.13,186041
None,R,Start_Reset,SARSA,0.13,200000
None,R,Start_Reset,SARSA,0.13,29682
None,R,Start_Reset,SARSA,0.13,36707
None,R,Start_Reset,SARSA,0.13,30438
None,R,Start_Reset,SARSA,0.13,66008
None,R,Start_Reset,SARSA,0.13,74762
None,R,Start_Reset,SARSA,0.14,200000
None,R,Start_Reset,SARSA,0.14,61261
None,R,Start_Reset,SARSA,0.14,15262
None,R,Start_Reset,SARSA,0.14,200000
None,R,Start_Reset,SARSA,0.14,9137
None,R,Start_Reset,SARSA,0.14,24361
None,R,Start_Reset,SARSA,0.14,185557
None,R,Start_Reset,SARSA,0.14,99484
None,R,Start_Reset,SARSA,0.14,69679
None,R,Start_Reset,SARSA,0.14,27994
None,R,Start_Reset,SARSA,0.15,200000
None,R,Start_Reset,SARSA,0.15,4991
None,R,Start_Reset,SARSA,0.15,200000
None,R,Start_Reset,SARSA,0.15,138030
None,R,Start_Reset,SARSA,0.15,200000
None,R,Start_Reset,SARSA,0.15,20670
None,R,Start_Reset,SARSA,0.15,200000
None,R,Start_Reset,SARSA,0.15,38137
None,R,Start_Reset,SARSA,0.15,74366
None,R,Start_Reset,SARSA,0.15,200000
None,R,Start_Reset,SARSA,0.16,200000
None,R,Start_Reset,SARSA,0.16,200000
None,R,Start_Reset,SARSA,0.16,200000
None,R,Start_Reset,SARSA,0.16,200000
None,R,Start_Reset,SARSA,0.16,200000
None,R,Start_Reset,SARSA,0.16,95565
None,R,Start_Reset,SARSA,0.16,106682
None,R,Start_Reset,SARSA,0.16,34872
None,R,Start_Reset,SARSA,0.16,200000
None,R,Start_Reset,SARSA,0.16,200000
None,R,Start_Reset,SARSA,0.17,200000
None,R,Start_Reset,SARSA,0.17,74376
None,R,Start_Reset,SARSA,0.17,200000
None,R,Start_Reset,SARSA,0.17,200000
None,R,Start_Reset,SARSA,0.17,89141
None,R,Start_Reset,SARSA,0.17,131394
None,R,Start_Reset,SARSA,0.17,38762
None,R,Start_Reset,SARSA,0.17,200000
None,R,Start_Reset,SARSA,0.17,7591
None,R,Start_Reset,SARSA,0.17,200000
None,R,Start_Reset,SARSA,0.18,44166
None,R,Start_Reset,SARSA,0.18,65328
None,R,Start_Reset,SARSA,0.18,200000
None,R,Start_Reset,SARSA,0.18,200000
None,R,Start_Reset,SARSA,0.18,200000
None,R,Start_Reset,SARSA,0.18,200000
None,R,Start_Reset,SARSA,0.18,122294
None,R,Start_Reset,SARSA,0.18,200000
None,R,Start_Reset,SARSA,0.18,200000
None,R,Start_Reset,SARSA,0.18,200000
None,R,Start_Reset,SARSA,0.19,200000
None,R,Start_Reset,SARSA,0.19,758
None,R,Start_Reset,SARSA,0.19,200000
None,R,Start_Reset,SARSA,0.19,200000
None,R,Start_Reset,SARSA,0.19,200000
None,R,Start_Reset,SARSA,0.19,200000
None,R,Start_Reset,SARSA,0.19,200000
None,R,Start_Reset,SARSA,0.19,7256
None,R,Start_Reset,SARSA,0.19,200000
None,R,Start_Reset,SARSA,0.19,39449
None,R,Start_Reset,SARSA,0.2,200000
None,R,Start_Reset,SARSA,0.2,200000
None,R,Start_Reset,SARSA,0.2,200000
None,R,Start_Reset,SARSA,0.2,200000
None,R,Start_Reset,SARSA,0.2,134483
None,R,Start_Reset,SARSA,0.2,66168
None,R,Start_Reset,SARSA,0.2,5713
None,R,Start_Reset,SARSA,0.2,200000
None,R,Start_Reset,SARSA,0.2,200000
None,R,Start_Reset,SARSA,0.2,200000
None,O,Stop_Reset,QLearning,0.01,90
None,O,Stop_Reset,QLearning,0.01,309
None,O,Stop_Reset,QLearning,0.01,149
None,O,Stop_Reset,QLearning,0.01,405
None,O,Stop_Reset,QLearning,0.01,371
None,O,Stop_Reset,QLearning,0.01,219
None,O,Stop_Reset,QLearning,0.01,502
None,O,Stop_Reset,QLearning,0.01,188
None,O,Stop_Reset,QLearning,0.01,146
None,O,Stop_Reset,QLearning,0.01,69
None,O,Stop_Reset,QLearning,0.02,62
None,O,Stop_Reset,QLearning,0.02,211
None,O,Stop_Reset,QLearning,0.02,756
None,O,Stop_Reset,QLearning,0.02,705
None,O,Stop_Reset,QLearning,0.02,148
None,O,Stop_Reset,QLearning,0.02,463
None,O,Stop_Reset,QLearning,0.02,99
None,O,Stop_Reset,QLearning,0.02,376
None,O,Stop_Reset,QLearning,0.02,89
None,O,Stop_Reset,QLearning,0.02,394
None,O,Stop_Reset,QLearning,0.03,742
None,O,Stop_Reset,QLearning,0.03,136
None,O,Stop_Reset,QLearning,0.03,132
None,O,Stop_Reset,QLearning,0.03,200000
None,O,Stop_Reset,QLearning,0.03,234
None,O,Stop_Reset,QLearning,0.03,232
None,O,Stop_Reset,QLearning,0.03,342
None,O,Stop_Reset,QLearning,0.03,176
None,O,Stop_Reset,QLearning,0.03,371
None,O,Stop_Reset,QLearning,0.03,208
None,O,Stop_Reset,QLearning,0.04,459
None,O,Stop_Reset,QLearning,0.04,187
None,O,Stop_Reset,QLearning,0.04,323
None,O,Stop_Reset,QLearning,0.04,149
None,O,Stop_Reset,QLearning,0.04,235
None,O,Stop_Reset,QLearning,0.04,281
None,O,Stop_Reset,QLearning,0.04,218
None,O,Stop_Reset,QLearning,0.04,136
None,O,Stop_Reset,QLearning,0.04,495
None,O,Stop_Reset,QLearning,0.04,198
None,O,Stop_Reset,QLearning,0.05,43
None,O,Stop_Reset,QLearning,0.05,74
None,O,Stop_Reset,QLearning,0.05,301
None,O,Stop_Reset,QLearning,0.05,307
None,O,Stop_Reset,QLearning,0.05,173
None,O,Stop_Reset,QLearning,0.05,197
None,O,Stop_Reset,QLearning,0.05,115
None,O,Stop_Reset,QLearning,0.05,237
None,O,Stop_Reset,QLearning,0.05,229
None,O,Stop_Reset,QLearning,0.05,234
None,O,Stop_Reset,QLearning,0.06,47609
None,O,Stop_Reset,QLearning,0.06,315
None,O,Stop_Reset,QLearning,0.06,134
None,O,Stop_Reset,QLearning,0.06,91
None,O,Stop_Reset,QLearning,0.06,181
None,O,Stop_Reset,QLearning,0.06,163
None,O,Stop_Reset,QLearning,0.06,463
None,O,Stop_Reset,QLearning,0.06,142
None,O,Stop_Reset,QLearning,0.06,106
None,O,Stop_Reset,QLearning,0.06,192
None,O,Stop_Reset,QLearning,0.07,287
None,O,Stop_Reset,QLearning,0.07,578
None,O,Stop_Reset,QLearning,0.07,152
None,O,Stop_Reset,QLearning,0.07,311
None,O,Stop_Reset,QLearning,0.07,115
None,O,Stop_Reset,QLearning,0.07,108
None,O,Stop_Reset,QLearning,0.07,258
None,O,Stop_Reset,QLearning,0.07,74
None,O,Stop_Reset,QLearning,0.07,226
None,O,Stop_Reset,QLearning,0.07,206
None,O,Stop_Reset,QLearning,0.08,112226
None,O,Stop_Reset,QLearning,0.08,289
None,O,Stop_Reset,QLearning,0.08,123
None,O,Stop_Reset,QLearning,0.08,127
None,O,Stop_Reset,QLearning,0.08,97
None,O,Stop_Reset,QLearning,0.08,91
None,O,Stop_Reset,QLearning,0.08,88
None,O,Stop_Reset,QLearning,0.08,77
None,O,Stop_Reset,QLearning,0.08,581
None,O,Stop_Reset,QLearning,0.08,565
None,O,Stop_Reset,QLearning,0.09,125
None,O,Stop_Reset,QLearning,0.09,49
None,O,Stop_Reset,QLearning,0.09,271
None,O,Stop_Reset,QLearning,0.09,119
None,O,Stop_Reset,QLearning,0.09,984
None,O,Stop_Reset,QLearning,0.09,103
None,O,Stop_Reset,QLearning,0.09,60
None,O,Stop_Reset,QLearning,0.09,305
None,O,Stop_Reset,QLearning,0.09,53
None,O,Stop_Reset,QLearning,0.09,139
None,O,Stop_Reset,QLearning,0.1,97
None,O,Stop_Reset,QLearning,0.1,120
None,O,Stop_Reset,QLearning,0.1,165
None,O,Stop_Reset,QLearning,0.1,124
None,O,Stop_Reset,QLearning,0.1,207
None,O,Stop_Reset,QLearning,0.1,101
None,O,Stop_Reset,QLearning,0.1,143
None,O,Stop_Reset,QLearning,0.1,87
None,O,Stop_Reset,QLearning,0.1,149914
None,O,Stop_Reset,QLearning,0.1,275
None,O,Stop_Reset,QLearning,0.11,171
None,O,Stop_Reset,QLearning,0.11,143
None,O,Stop_Reset,QLearning,0.11,172
None,O,Stop_Reset,QLearning,0.11,148
None,O,Stop_Reset,QLearning,0.11,130
None,O,Stop_Reset,QLearning,0.11,187
None,O,Stop_Reset,QLearning,0.11,74
None,O,Stop_Reset,QLearning,0.11,142
None,O,Stop_Reset,QLearning,0.11,68
None,O,Stop_Reset,QLearning,0.11,276
None,O,Stop_Reset,QLearning,0.12,1259
None,O,Stop_Reset,QLearning,0.12,104
None,O,Stop_Reset,QLearning,0.12,134
None,O,Stop_Reset,QLearning,0.12,82483
None,O,Stop_Reset,QLearning,0.12,186
None,O,Stop_Reset,QLearning,0.12,117
None,O,Stop_Reset,QLearning,0.12,190815
None,O,Stop_Reset,QLearning,0.12,179
None,O,Stop_Reset,QLearning,0.12,188
None,O,Stop_Reset,QLearning,0.12,691
None,O,Stop_Reset,QLearning,0.13,125
None,O,Stop_Reset,QLearning,0.13,138
None,O,Stop_Reset,QLearning,0.13,181577
None,O,Stop_Reset,QLearning,0.13,9086
None,O,Stop_Reset,QLearning,0.13,381
None,O,Stop_Reset,QLearning,0.13,59062
None,O,Stop_Reset,QLearning,0.13,148
None,O,Stop_Reset,QLearning,0.13,173
None,O,Stop_Reset,QLearning,0.13,151
None,O,Stop_Reset,QLearning,0.13,9133
None,O,Stop_Reset,QLearning,0.14,189
None,O,Stop_Reset,QLearning,0.14,1279
None,O,Stop_Reset,QLearning,0.14,92
None,O,Stop_Reset,QLearning,0.14,255
None,O,Stop_Reset,QLearning,0.14,387
None,O,Stop_Reset,QLearning,0.14,155
None,O,Stop_Reset,QLearning,0.14,111850
None,O,Stop_Reset,QLearning,0.14,133
None,O,Stop_Reset,QLearning,0.14,158
None,O,Stop_Reset,QLearning,0.14,201
None,O,Stop_Reset,QLearning,0.15,117
None,O,Stop_Reset,QLearning,0.15,200000
None,O,Stop_Reset,QLearning,0.15,109
None,O,Stop_Reset,QLearning,0.15,71783
None,O,Stop_Reset,QLearning,0.15,78388
None,O,Stop_Reset,QLearning,0.15,469
None,O,Stop_Reset,QLearning,0.15,12167
None,O,Stop_Reset,QLearning,0.15,7509
None,O,Stop_Reset,QLearning,0.15,81
None,O,Stop_Reset,QLearning,0.15,77162
None,O,Stop_Reset,QLearning,0.16,25026
None,O,Stop_Reset,QLearning,0.16,90
None,O,Stop_Reset,QLearning,0.16,63
None,O,Stop_Reset,QLearning,0.16,12571
None,O,Stop_Reset,QLearning,0.16,209
None,O,Stop_Reset,QLearning,0.16,59
None,O,Stop_Reset,QLearning,0.16,14805
None,O,Stop_Reset,QLearning,0.16,241
None,O,Stop_Reset,QLearning,0.16,237
None,O,Stop_Reset,QLearning,0.16,190
None,O,Stop_Reset,QLearning,0.17,225
None,O,Stop_Reset,QLearning,0.17,121
None,O,Stop_Reset,QLearning,0.17,204
None,O,Stop_Reset,QLearning,0.17,37136
None,O,Stop_Reset,QLearning,0.17,308
None,O,Stop_Reset,QLearning,0.17,104
None,O,Stop_Reset,QLearning,0.17,100430
None,O,Stop_Reset,QLearning,0.17,456
None,O,Stop_Reset,QLearning,0.17,157
None,O,Stop_Reset,QLearning,0.17,241
None,O,Stop_Reset,QLearning,0.18,2526
None,O,Stop_Reset,QLearning,0.18,92
None,O,Stop_Reset,QLearning,0.18,166
None,O,Stop_Reset,QLearning,0.18,305
None,O,Stop_Reset,QLearning,0.18,134
None,O,Stop_Reset,QLearning,0.18,138759
None,O,Stop_Reset,QLearning,0.18,138
None,O,Stop_Reset,QLearning,0.18,616
None,O,Stop_Reset,QLearning,0.18,163
None,O,Stop_Reset,QLearning,0.18,9461
None,O,Stop_Reset,QLearning,0.19,152
None,O,Stop_Reset,QLearning,0.19,29495
None,O,Stop_Reset,QLearning,0.19,83
None,O,Stop_Reset,QLearning,0.19,37168
None,O,Stop_Reset,QLearning,0.19,117770
None,O,Stop_Reset,QLearning,0.19,71
None,O,Stop_Reset,QLearning,0.19,172215
None,O,Stop_Reset,QLearning,0.19,104
None,O,Stop_Reset,QLearning,0.19,148
None,O,Stop_Reset,QLearning,0.19,70
None,O,Stop_Reset,QLearning,0.2,263
None,O,Stop_Reset,QLearning,0.2,154
None,O,Stop_Reset,QLearning,0.2,246
None,O,Stop_Reset,QLearning,0.2,156
None,O,Stop_Reset,QLearning,0.2,57821
None,O,Stop_Reset,QLearning,0.2,173905
None,O,Stop_Reset,QLearning,0.2,207
None,O,Stop_Reset,QLearning,0.2,138
None,O,Stop_Reset,QLearning,0.2,81
None,O,Stop_Reset,QLearning,0.2,200000
None,O,Stop_Reset,SARSA,0.01,167
None,O,Stop_Reset,SARSA,0.01,136
None,O,Stop_Reset,SARSA,0.01,384
None,O,Stop_Reset,SARSA,0.01,183
None,O,Stop_Reset,SARSA,0.01,274
None,O,Stop_Reset,SARSA,0.01,795
None,O,Stop_Reset,SARSA,0.01,257
None,O,Stop_Reset,SARSA,0.01,205
None,O,Stop_Reset,SARSA,0.01,277
None,O,Stop_Reset,SARSA,0.01,53
None,O,Stop_Reset,SARSA,0.02,819
None,O,Stop_Reset,SARSA,0.02,241
None,O,Stop_Reset,SARSA,0.02,700
None,O,Stop_Reset,SARSA,0.02,639
None,O,Stop_Reset,SARSA,0.02,398
None,O,Stop_Reset,SARSA,0.02,145
None,O,Stop_Reset,SARSA,0.02,408
None,O,Stop_Reset,SARSA,0.02,219
None,O,Stop_Reset,SARSA,0.02,82
None,O,Stop_Reset,SARSA,0.02,125
None,O,Stop_Reset,SARSA,0.03,137
None,O,Stop_Reset,SARSA,0.03,343
None,O,Stop_Reset,SARSA,0.03,451
None,O,Stop_Reset,SARSA,0.03,152
None,O,Stop_Reset,SARSA,0.03,149
None,O,Stop_Reset,SARSA,0.03,828
None,O,Stop_Reset,SARSA,0.03,373
None,O,Stop_Reset,SARSA,0.03,467
None,O,Stop_Reset,SARSA,0.03,174
None,O,Stop_Reset,SARSA,0.03,149
None,O,Stop_Reset,SARSA,0.04,716
None,O,Stop_Reset,SARSA,0.04,164
None,O,Stop_Reset,SARSA,0.04,93
None,O,Stop_Reset,SARSA,0.04,149
None,O,Stop_Reset,SARSA,0.04,735
None,O,Stop_Reset,SARSA,0.04,88
None,O,Stop_Reset,SARSA,0.04,292
None,O,Stop_Reset,SARSA,0.04,54
None,O,Stop_Reset,SARSA,0.04,120
None,O,Stop_Reset,SARSA,0.04,122
None,O,Stop_Reset,SARSA,0.05,259
None,O,Stop_Reset,SARSA,0.05,266
None,O,Stop_Reset,SARSA,0.05,172
None,O,Stop_Reset,SARSA,0.05,143
None,O,Stop_Reset,SARSA,0.05,783
None,O,Stop_Reset,SARSA,0.05,86
None,O,Stop_Reset,SARSA,0.05,177
None,O,Stop_Reset,SARSA,0.05,186
None,O,Stop_Reset,SARSA,0.05,159
None,O,Stop_Reset,SARSA,0.05,230
None,O,Stop_Reset,SARSA,0.06,77
None,O,Stop_Reset,SARSA,0.06,318
None,O,Stop_Reset,SARSA,0.06,80
None,O,Stop_Reset,SARSA,0.06,215
None,O,Stop_Reset,SARSA,0.06,193
None,O,Stop_Reset,SARSA,0.06,225
None,O,Stop_Reset,SARSA,0.06,705
None,O,Stop_Reset,SARSA,0.06,255
None,O,Stop_Reset,SARSA,0.06,99
None,O,Stop_Reset,SARSA,0.06,364
None,O,Stop_Reset,SARSA,0.07,227
None,O,Stop_Reset,SARSA,0.07,219
None,O,Stop_Reset,SARSA,0.07,360
None,O,Stop_Reset,SARSA,0.07,159
None,O,Stop_Reset,SARSA,0.07,117
None,O,Stop_Reset,SARSA,0.07,125
None,O,Stop_Reset,SARSA,0.07,68
None,O,Stop_Reset,SARSA,0.07,210
None,O,Stop_Reset,SARSA,0.07,250
None,O,Stop_Reset,SARSA,0.07,166
None,O,Stop_Reset,SARSA,0.08,274
None,O,Stop_Reset,SARSA,0.08,126
None,O,Stop_Reset,SARSA,0.08,90
None,O,Stop_Reset,SARSA,0.08,496
None,O,Stop_Reset,SARSA,0.08,225
None,O,Stop_Reset,SARSA,0.08,97
None,O,Stop_Reset,SARSA,0.08,161
None,O,Stop_Reset,SARSA,0.08,95
None,O,Stop_Reset,SARSA,0.08,364
None,O,Stop_Reset,SARSA,0.08,148
None,O,Stop_Reset,SARSA,0.09,105
None,O,Stop_Reset,SARSA,0.09,323
None,O,Stop_Reset,SARSA,0.09,1516
None,O,Stop_Reset,SARSA,0.09,208
None,O,Stop_Reset,SARSA,0.09,68
None,O,Stop_Reset,SARSA,0.09,116
None,O,Stop_Reset,SARSA,0.09,89
None,O,Stop_Reset,SARSA,0.09,208
None,O,Stop_Reset,SARSA,0.09,316
None,O,Stop_Reset,SARSA,0.09,225
None,O,Stop_Reset,SARSA,0.1,88
None,O,Stop_Reset,SARSA,0.1,222
None,O,Stop_Reset,SARSA,0.1,106
None,O,Stop_Reset,SARSA,0.1,274
None,O,Stop_Reset,SARSA,0.1,124
None,O,Stop_Reset,SARSA,0.1,139
None,O,Stop_Reset,SARSA,0.1,42710
None,O,Stop_Reset,SARSA,0.1,150
None,O,Stop_Reset,SARSA,0.1,209
None,O,Stop_Reset,SARSA,0.1,171495
None,O,Stop_Reset,SARSA,0.11,1075
None,O,Stop_Reset,SARSA,0.11,412
None,O,Stop_Reset,SARSA,0.11,206
None,O,Stop_Reset,SARSA,0.11,133
None,O,Stop_Reset,SARSA,0.11,408
None,O,Stop_Reset,SARSA,0.11,469
None,O,Stop_Reset,SARSA,0.11,133
None,O,Stop_Reset,SARSA,0.11,622
None,O,Stop_Reset,SARSA,0.11,234
None,O,Stop_Reset,SARSA,0.11,325
None,O,Stop_Reset,SARSA,0.12,82
None,O,Stop_Reset,SARSA,0.12,714
None,O,Stop_Reset,SARSA,0.12,198
None,O,Stop_Reset,SARSA,0.12,154
None,O,Stop_Reset,SARSA,0.12,200000
None,O,Stop_Reset,SARSA,0.12,302
None,O,Stop_Reset,SARSA,0.12,201
None,O,Stop_Reset,SARSA,0.12,79
None,O,Stop_Reset,SARSA,0.12,241
None,O,Stop_Reset,SARSA,0.12,416
None,O,Stop_Reset,SARSA,0.13,136
None,O,Stop_Reset,SARSA,0.13,68
None,O,Stop_Reset,SARSA,0.13,154543
None,O,Stop_Reset,SARSA,0.13,557
None,O,Stop_Reset,SARSA,0.13,274
None,O,Stop_Reset,SARSA,0.13,293
None,O,Stop_Reset,SARSA,0.13,164
None,O,Stop_Reset,SARSA,0.13,183
None,O,Stop_Reset,SARSA,0.13,184
None,O,Stop_Reset,SARSA,0.13,101
None,O,Stop_Reset,SARSA,0.14,75
None,O,Stop_Reset,SARSA,0.14,168
None,O,Stop_Reset,SARSA,0.14,926
None,O,Stop_Reset,SARSA,0.14,644
None,O,Stop_Reset,SARSA,0.14,173
None,O,Stop_Reset,SARSA,0.14,439
None,O,Stop_Reset,SARSA,0.14,163990
None,O,Stop_Reset,SARSA,0.14,197
None,O,Stop_Reset,SARSA,0.14,28140
None,O,Stop_Reset,SARSA,0.14,101
None,O,Stop_Reset,SARSA,0.15,131
None,O,Stop_Reset,SARSA,0.15,177
None,O,Stop_Reset,SARSA,0.15,140
None,O,Stop_Reset,SARSA,0.15,980
None,O,Stop_Reset,SARSA,0.15,326
None,O,Stop_Reset,SARSA,0.15,101
None,O,Stop_Reset,SARSA,0.15,174220
None,O,Stop_Reset,SARSA,0.15,191
None,O,Stop_Reset,SARSA,0.15,82
None,O,Stop_Reset,SARSA,0.15,482
None,O,Stop_Reset,SARSA,0.16,175
None,O,Stop_Reset,SARSA,0.16,658
None,O,Stop_Reset,SARSA,0.16,302
None,O,Stop_Reset,SARSA,0.16,449
None,O,Stop_Reset,SARSA,0.16,157
None,O,Stop_Reset,SARSA,0.16,572
None,O,Stop_Reset,SARSA,0.16,88
None,O,Stop_Reset,SARSA,0.16,219
None,O,Stop_Reset,SARSA,0.16,140
None,O,Stop_Reset,SARSA,0.16,154
None,O,Stop_Reset,SARSA,0.17,128
None,O,Stop_Reset,SARSA,0.17,57
None,O,Stop_Reset,SARSA,0.17,98
None,O,Stop_Reset,SARSA,0.17,139
None,O,Stop_Reset,SARSA,0.17,159
None,O,Stop_Reset,SARSA,0.17,820
None,O,Stop_Reset,SARSA,0.17,275
None,O,Stop_Reset,SARSA,0.17,283
None,O,Stop_Reset,SARSA,0.17,155610
None,O,Stop_Reset,SARSA,0.17,382
None,O,Stop_Reset,SARSA,0.18,89
None,O,Stop_Reset,SARSA,0.18,582
None,O,Stop_Reset,SARSA,0.18,136
None,O,Stop_Reset,SARSA,0.18,221
None,O,Stop_Reset,SARSA,0.18,153
None,O,Stop_Reset,SARSA,0.18,169
None,O,Stop_Reset,SARSA,0.18,68533
None,O,Stop_Reset,SARSA,0.18,111627
None,O,Stop_Reset,SARSA,0.18,93
None,O,Stop_Reset,SARSA,0.18,126
None,O,Stop_Reset,SARSA,0.19,100414
None,O,Stop_Reset,SARSA,0.19,122
None,O,Stop_Reset,SARSA,0.19,152
None,O,Stop_Reset,SARSA,0.19,131
None,O,Stop_Reset,SARSA,0.19,213
None,O,Stop_Reset,SARSA,0.19,10769
None,O,Stop_Reset,SARSA,0.19,313
None,O,Stop_Reset,SARSA,0.19,82981
None,O,Stop_Reset,SARSA,0.19,244
None,O,Stop_Reset,SARSA,0.19,612
None,O,Stop_Reset,SARSA,0.2,483
None,O,Stop_Reset,SARSA,0.2,91019
None,O,Stop_Reset,SARSA,0.2,199
None,O,Stop_Reset,SARSA,0.2,156
None,O,Stop_Reset,SARSA,0.2,385
None,O,Stop_Reset,SARSA,0.2,191
None,O,Stop_Reset,SARSA,0.2,140
None,O,Stop_Reset,SARSA,0.2,85774
None,O,Stop_Reset,SARSA,0.2,106
None,O,Stop_Reset,SARSA,0.2,637
None,L,Stop_Reset,QLearning,0.01,24
None,L,Stop_Reset,QLearning,0.01,53
None,L,Stop_Reset,QLearning,0.01,101
None,L,Stop_Reset,QLearning,0.01,24
None,L,Stop_Reset,QLearning,0.01,39
None,L,Stop_Reset,QLearning,0.01,42
None,L,Stop_Reset,QLearning,0.01,62
None,L,Stop_Reset,QLearning,0.01,19
None,L,Stop_Reset,QLearning,0.01,88
None,L,Stop_Reset,QLearning,0.01,143
None,L,Stop_Reset,QLearning,0.02,35
None,L,Stop_Reset,QLearning,0.02,19
None,L,Stop_Reset,QLearning,0.02,35
None,L,Stop_Reset,QLearning,0.02,100
None,L,Stop_Reset,QLearning,0.02,47
None,L,Stop_Reset,QLearning,0.02,27
None,L,Stop_Reset,QLearning,0.02,24
None,L,Stop_Reset,QLearning,0.02,22
None,L,Stop_Reset,QLearning,0.02,59
None,L,Stop_Reset,QLearning,0.02,69
None,L,Stop_Reset,QLearning,0.03,25
None,L,Stop_Reset,QLearning,0.03,39
None,L,Stop_Reset,QLearning,0.03,57
None,L,Stop_Reset,QLearning,0.03,47
None,L,Stop_Reset,QLearning,0.03,76
None,L,Stop_Reset,QLearning,0.03,26
None,L,Stop_Reset,QLearning,0.03,72
None,L,Stop_Reset,QLearning,0.03,42
None,L,Stop_Reset,QLearning,0.03,18
None,L,Stop_Reset,QLearning,0.03,70
None,L,Stop_Reset,QLearning,0.04,42
None,L,Stop_Reset,QLearning,0.04,41
None,L,Stop_Reset,QLearning,0.04,53
None,L,Stop_Reset,QLearning,0.04,21
None,L,Stop_Reset,QLearning,0.04,105
None,L,Stop_Reset,QLearning,0.04,71
None,L,Stop_Reset,QLearning,0.04,19
None,L,Stop_Reset,QLearning,0.04,42
None,L,Stop_Reset,QLearning,0.04,28
None,L,Stop_Reset,QLearning,0.04,59
None,L,Stop_Reset,QLearning,0.05,61
None,L,Stop_Reset,QLearning,0.05,64
None,L,Stop_Reset,QLearning,0.05,113
None,L,Stop_Reset,QLearning,0.05,78
None,L,Stop_Reset,QLearning,0.05,59
None,L,Stop_Reset,QLearning,0.05,23
None,L,Stop_Reset,QLearning,0.05,19
None,L,Stop_Reset,QLearning,0.05,18
None,L,Stop_Reset,QLearning,0.05,45
None,L,Stop_Reset,QLearning,0.05,24
None,L,Stop_Reset,QLearning,0.06,47
None,L,Stop_Reset,QLearning,0.06,53
None,L,Stop_Reset,QLearning,0.06,25
None,L,Stop_Reset,QLearning,0.06,42
None,L,Stop_Reset,QLearning,0.06,65
None,L,Stop_Reset,QLearning,0.06,71
None,L,Stop_Reset,QLearning,0.06,28
None,L,Stop_Reset,QLearning,0.06,47
None,L,Stop_Reset,QLearning,0.06,13
None,L,Stop_Reset,QLearning,0.06,27
None,L,Stop_Reset,QLearning,0.07,18
None,L,Stop_Reset,QLearning,0.07,22
None,L,Stop_Reset,QLearning,0.07,27
None,L,Stop_Reset,QLearning,0.07,38
None,L,Stop_Reset,QLearning,0.07,27
None,L,Stop_Reset,QLearning,0.07,35
None,L,Stop_Reset,QLearning,0.07,18
None,L,Stop_Reset,QLearning,0.07,34
None,L,Stop_Reset,QLearning,0.07,34
None,L,Stop_Reset,QLearning,0.07,121
None,L,Stop_Reset,QLearning,0.08,91
None,L,Stop_Reset,QLearning,0.08,25
None,L,Stop_Reset,QLearning,0.08,134
None,L,Stop_Reset,QLearning,0.08,158
None,L,Stop_Reset,QLearning,0.08,41
None,L,Stop_Reset,QLearning,0.08,56
None,L,Stop_Reset,QLearning,0.08,129
None,L,Stop_Reset,QLearning,0.08,22
None,L,Stop_Reset,QLearning,0.08,20
None,L,Stop_Reset,QLearning,0.08,35
None,L,Stop_Reset,QLearning,0.09,34
None,L,Stop_Reset,QLearning,0.09,53
None,L,Stop_Reset,QLearning,0.09,49
None,L,Stop_Reset,QLearning,0.09,86
None,L,Stop_Reset,QLearning,0.09,34
None,L,Stop_Reset,QLearning,0.09,66
None,L,Stop_Reset,QLearning,0.09,36
None,L,Stop_Reset,QLearning,0.09,86
None,L,Stop_Reset,QLearning,0.09,27
None,L,Stop_Reset,QLearning,0.09,44
None,L,Stop_Reset,QLearning,0.1,114
None,L,Stop_Reset,QLearning,0.1,138
None,L,Stop_Reset,QLearning,0.1,28
None,L,Stop_Reset,QLearning,0.1,41
None,L,Stop_Reset,QLearning,0.1,39
None,L,Stop_Reset,QLearning,0.1,23
None,L,Stop_Reset,QLearning,0.1,21
None,L,Stop_Reset,QLearning,0.1,25
None,L,Stop_Reset,QLearning,0.1,59
None,L,Stop_Reset,QLearning,0.1,48
None,L,Stop_Reset,QLearning,0.11,55
None,L,Stop_Reset,QLearning,0.11,32
None,L,Stop_Reset,QLearning,0.11,19
None,L,Stop_Reset,QLearning,0.11,31
None,L,Stop_Reset,QLearning,0.11,28
None,L,Stop_Reset,QLearning,0.11,25
None,L,Stop_Reset,QLearning,0.11,55
None,L,Stop_Reset,QLearning,0.11,59
None,L,Stop_Reset,QLearning,0.11,20
None,L,Stop_Reset,QLearning,0.11,42
None,L,Stop_Reset,QLearning,0.12,67
None,L,Stop_Reset,QLearning,0.12,72
None,L,Stop_Reset,QLearning,0.12,39
None,L,Stop_Reset,QLearning,0.12,63
None,L,Stop_Reset,QLearning,0.12,29
None,L,Stop_Reset,QLearning,0.12,104
None,L,Stop_Reset,QLearning,0.12,47
None,L,Stop_Reset,QLearning,0.12,58
None,L,Stop_Reset,QLearning,0.12,82
None,L,Stop_Reset,QLearning,0.12,29
None,L,Stop_Reset,QLearning,0.13,19
None,L,Stop_Reset,QLearning,0.13,65
None,L,Stop_Reset,QLearning,0.13,24
None,L,Stop_Reset,QLearning,0.13,48
None,L,Stop_Reset,QLearning,0.13,25
None,L,Stop_Reset,QLearning,0.13,36
None,L,Stop_Reset,QLearning,0.13,13
None,L,Stop_Reset,QLearning,0.13,19
None,L,Stop_Reset,QLearning,0.13,34
None,L,Stop_Reset,QLearning,0.13,41
None,L,Stop_Reset,QLearning,0.14,19
None,L,Stop_Reset,QLearning,0.14,24
None,L,Stop_Reset,QLearning,0.14,48
None,L,Stop_Reset,QLearning,0.14,33
None,L,Stop_Reset,QLearning,0.14,21
None,L,Stop_Reset,QLearning,0.14,25
None,L,Stop_Reset,QLearning,0.14,55
None,L,Stop_Reset,QLearning,0.14,39
None,L,Stop_Reset,QLearning,0.14,36
None,L,Stop_Reset,QLearning,0.14,42
None,L,Stop_Reset,QLearning,0.15,50
None,L,Stop_Reset,QLearning,0.15,35
None,L,Stop_Reset,QLearning,0.15,28
None,L,Stop_Reset,QLearning,0.15,71
None,L,Stop_Reset,QLearning,0.15,95
None,L,Stop_Reset,QLearning,0.15,80
None,L,Stop_Reset,QLearning,0.15,62
None,L,Stop_Reset,QLearning,0.15,63
None,L,Stop_Reset,QLearning,0.15,25
None,L,Stop_Reset,QLearning,0.15,60
None,L,Stop_Reset,QLearning,0.16,33
None,L,Stop_Reset,QLearning,0.16,149
None,L,Stop_Reset,QLearning,0.16,40
None,L,Stop_Reset,QLearning,0.16,74
None,L,Stop_Reset,QLearning,0.16,34
None,L,Stop_Reset,QLearning,0.16,73
None,L,Stop_Reset,QLearning,0.16,29
None,L,Stop_Reset,QLearning,0.16,55
None,L,Stop_Reset,QLearning,0.16,48
None,L,Stop_Reset,QLearning,0.16,69
None,L,Stop_Reset,QLearning,0.17,40
None,L,Stop_Reset,QLearning,0.17,19
None,L,Stop_Reset,QLearning,0.17,18
None,L,Stop_Reset,QLearning,0.17,25
None,L,Stop_Reset,QLearning,0.17,45
None,L,Stop_Reset,QLearning,0.17,24
None,L,Stop_Reset,QLearning,0.17,21
None,L,Stop_Reset,QLearning,0.17,78
None,L,Stop_Reset,QLearning,0.17,76
None,L,Stop_Reset,QLearning,0.17,13
None,L,Stop_Reset,QLearning,0.18,20
None,L,Stop_Reset,QLearning,0.18,83
None,L,Stop_Reset,QLearning,0.18,41
None,L,Stop_Reset,QLearning,0.18,35
None,L,Stop_Reset,QLearning,0.18,48
None,L,Stop_Reset,QLearning,0.18,28
None,L,Stop_Reset,QLearning,0.18,85
None,L,Stop_Reset,QLearning,0.18,117
None,L,Stop_Reset,QLearning,0.18,36
None,L,Stop_Reset,QLearning,0.18,32
None,L,Stop_Reset,QLearning,0.19,43
None,L,Stop_Reset,QLearning,0.19,21
None,L,Stop_Reset,QLearning,0.19,214
None,L,Stop_Reset,QLearning,0.19,166
None,L,Stop_Reset,QLearning,0.19,23
None,L,Stop_Reset,QLearning,0.19,22
None,L,Stop_Reset,QLearning,0.19,33
None,L,Stop_Reset,QLearning,0.19,26
None,L,Stop_Reset,QLearning,0.19,63
None,L,Stop_Reset,QLearning,0.19,21
None,L,Stop_Reset,QLearning,0.2,53
None,L,Stop_Reset,QLearning,0.2,34
None,L,Stop_Reset,QLearning,0.2,21
None,L,Stop_Reset,QLearning,0.2,69
None,L,Stop_Reset,QLearning,0.2,17
None,L,Stop_Reset,QLearning,0.2,30
None,L,Stop_Reset,QLearning,0.2,41
None,L,Stop_Reset,QLearning,0.2,23
None,L,Stop_Reset,QLearning,0.2,45
None,L,Stop_Reset,QLearning,0.2,43
None,L,Stop_Reset,SARSA,0.01,46
None,L,Stop_Reset,SARSA,0.01,116
None,L,Stop_Reset,SARSA,0.01,58
None,L,Stop_Reset,SARSA,0.01,109
None,L,Stop_Reset,SARSA,0.01,45
None,L,Stop_Reset,SARSA,0.01,90
None,L,Stop_Reset,SARSA,0.01,52
None,L,Stop_Reset,SARSA,0.01,59
None,L,Stop_Reset,SARSA,0.01,39
None,L,Stop_Reset,SARSA,0.01,99
None,L,Stop_Reset,SARSA,0.02,32
None,L,Stop_Reset,SARSA,0.02,261
None,L,Stop_Reset,SARSA,0.02,34
None,L,Stop_Reset,SARSA,0.02,81
None,L,Stop_Reset,SARSA,0.02,52
None,L,Stop_Reset,SARSA,0.02,26
None,L,Stop_Reset,SARSA,0.02,21
None,L,Stop_Reset,SARSA,0.02,100
None,L,Stop_Reset,SARSA,0.02,29
None,L,Stop_Reset,SARSA,0.02,23
None,L,Stop_Reset,SARSA,0.03,102
None,L,Stop_Reset,SARSA,0.03,27
None,L,Stop_Reset,SARSA,0.03,28
None,L,Stop_Reset,SARSA,0.03,19
None,L,Stop_Reset,SARSA,0.03,74
None,L,Stop_Reset,SARSA,0.03,28
None,L,Stop_Reset,SARSA,0.03,29
None,L,Stop_Reset,SARSA,0.03,35
None,L,Stop_Reset,SARSA,0.03,38
None,L,Stop_Reset,SARSA,0.03,23
None,L,Stop_Reset,SARSA,0.04,56
None,L,Stop_Reset,SARSA,0.04,62
None,L,Stop_Reset,SARSA,0.04,53
None,L,Stop_Reset,SARSA,0.04,125
None,L,Stop_Reset,SARSA,0.04,63
None,L,Stop_Reset,SARSA,0.04,50
None,L,Stop_Reset,SARSA,0.04,62
None,L,Stop_Reset,SARSA,0.04,104
None,L,Stop_Reset,SARSA,0.04,58
None,L,Stop_Reset,SARSA,0.04,74
None,L,Stop_Reset,SARSA,0.05,205
None,L,Stop_Reset,SARSA,0.05,79
None,L,Stop_Reset,SARSA,0.05,55
None,L,Stop_Reset,SARSA,0.05,52
None,L,Stop_Reset,SARSA,0.05,108
None,L,Stop_Reset,SARSA,0.05,46
None,L,Stop_Reset,SARSA,0.05,137
None,L,Stop_Reset,SARSA,0.05,136
None,L,Stop_Reset,SARSA,0.05,59
None,L,Stop_Reset,SARSA,0.05,28
None,L,Stop_Reset,SARSA,0.06,40
None,L,Stop_Reset,SARSA,0.06,39
None,L,Stop_Reset,SARSA,0.06,111
None,L,Stop_Reset,SARSA,0.06,34
None,L,Stop_Reset,SARSA,0.06,40
None,L,Stop_Reset,SARSA,0.06,40
None,L,Stop_Reset,SARSA,0.06,21
None,L,Stop_Reset,SARSA,0.06,44
None,L,Stop_Reset,SARSA,0.06,54
None,L,Stop_Reset,SARSA,0.06,88
None,L,Stop_Reset,SARSA,0.07,93
None,L,Stop_Reset,SARSA,0.07,20
None,L,Stop_Reset,SARSA,0.07,25
None,L,Stop_Reset,SARSA,0.07,61
None,L,Stop_Reset,SARSA,0.07,46
None,L,Stop_Reset,SARSA,0.07,22
None,L,Stop_Reset,SARSA,0.07,57
None,L,Stop_Reset,SARSA,0.07,41
None,L,Stop_Reset,SARSA,0.07,23
None,L,Stop_Reset,SARSA,0.07,16
None,L,Stop_Reset,SARSA,0.08,114
None,L,Stop_Reset,SARSA,0.08,34
None,L,Stop_Reset,SARSA,0.08,18
None,L,Stop_Reset,SARSA,0.08,74
None,L,Stop_Reset,SARSA,0.08,28
None,L,Stop_Reset,SARSA,0.08,60
None,L,Stop_Reset,SARSA,0.08,150
None,L,Stop_Reset,SARSA,0.08,47
None,L,Stop_Reset,SARSA,0.08,64
None,L,Stop_Reset,SARSA,0.08,41
None,L,Stop_Reset,SARSA,0.09,23
None,L,Stop_Reset,SARSA,0.09,68
None,L,Stop_Reset,SARSA,0.09,29
None,L,Stop_Reset,SARSA,0.09,19
None,L,Stop_Reset,SARSA,0.09,45
None,L,Stop_Reset,SARSA,0.09,29
None,L,Stop_Reset,SARSA,0.09,53
None,L,Stop_Reset,SARSA,0.09,67
None,L,Stop_Reset,SARSA,0.09,135
None,L,Stop_Reset,SARSA,0.09,118
None,L,Stop_Reset,SARSA,0.1,29
None,L,Stop_Reset,SARSA,0.1,29
None,L,Stop_Reset,SARSA,0.1,45
None,L,Stop_Reset,SARSA,0.1,26
None,L,Stop_Reset,SARSA,0.1,30
None,L,Stop_Reset,SARSA,0.1,59
None,L,Stop_Reset,SARSA,0.1,26
None,L,Stop_Reset,SARSA,0.1,98
None,L,Stop_Reset,SARSA,0.1,40
None,L,Stop_Reset,SARSA,0.1,134
None,L,Stop_Reset,SARSA,0.11,87
None,L,Stop_Reset,SARSA,0.11,42
None,L,Stop_Reset,SARSA,0.11,36
None,L,Stop_Reset,SARSA,0.11,38
None,L,Stop_Reset,SARSA,0.11,19
None,L,Stop_Reset,SARSA,0.11,38
None,L,Stop_Reset,SARSA,0.11,36
None,L,Stop_Reset,SARSA,0.11,20
None,L,Stop_Reset,SARSA,0.11,29
None,L,Stop_Reset,SARSA,0.11,95
None,L,Stop_Reset,SARSA,0.12,18
None,L,Stop_Reset,SARSA,0.12,40
None,L,Stop_Reset,SARSA,0.12,45
None,L,Stop_Reset,SARSA,0.12,58
None,L,Stop_Reset,SARSA,0.12,20
None,L,Stop_Reset,SARSA,0.12,34
None,L,Stop_Reset,SARSA,0.12,34
None,L,Stop_Reset,SARSA,0.12,45
None,L,Stop_Reset,SARSA,0.12,29
None,L,Stop_Reset,SARSA,0.12,18
None,L,Stop_Reset,SARSA,0.13,40
None,L,Stop_Reset,SARSA,0.13,28
None,L,Stop_Reset,SARSA,0.13,43
None,L,Stop_Reset,SARSA,0.13,43
None,L,Stop_Reset,SARSA,0.13,35
None,L,Stop_Reset,SARSA,0.13,84
None,L,Stop_Reset,SARSA,0.13,116
None,L,Stop_Reset,SARSA,0.13,62
None,L,Stop_Reset,SARSA,0.13,28
None,L,Stop_Reset,SARSA,0.13,39
None,L,Stop_Reset,SARSA,0.14,22
None,L,Stop_Reset,SARSA,0.14,54
None,L,Stop_Reset,SARSA,0.14,36
None,L,Stop_Reset,SARSA,0.14,97
None,L,Stop_Reset,SARSA,0.14,28
None,L,Stop_Reset,SARSA,0.14,24
None,L,Stop_Reset,SARSA,0.14,41
None,L,Stop_Reset,SARSA,0.14,64
None,L,Stop_Reset,SARSA,0.14,56
None,L,Stop_Reset,SARSA,0.14,29
None,L,Stop_Reset,SARSA,0.15,45
None,L,Stop_Reset,SARSA,0.15,57
None,L,Stop_Reset,SARSA,0.15,29
None,L,Stop_Reset,SARSA,0.15,81
None,L,Stop_Reset,SARSA,0.15,68
None,L,Stop_Reset,SARSA,0.15,22
None,L,Stop_Reset,SARSA,0.15,105
None,L,Stop_Reset,SARSA,0.15,31
None,L,Stop_Reset,SARSA,0.15,30
None,L,Stop_Reset,SARSA,0.15,33
None,L,Stop_Reset,SARSA,0.16,54
None,L,Stop_Reset,SARSA,0.16,28
None,L,Stop_Reset,SARSA,0.16,57
None,L,Stop_Reset,SARSA,0.16,33
None,L,Stop_Reset,SARSA,0.16,89
None,L,Stop_Reset,SARSA,0.16,58
None,L,Stop_Reset,SARSA,0.16,22
None,L,Stop_Reset,SARSA,0.16,57
None,L,Stop_Reset,SARSA,0.16,68
None,L,Stop_Reset,SARSA,0.16,25
None,L,Stop_Reset,SARSA,0.17,88
None,L,Stop_Reset,SARSA,0.17,24
None,L,Stop_Reset,SARSA,0.17,27
None,L,Stop_Reset,SARSA,0.17,38
None,L,Stop_Reset,SARSA,0.17,19
None,L,Stop_Reset,SARSA,0.17,58
None,L,Stop_Reset,SARSA,0.17,25
None,L,Stop_Reset,SARSA,0.17,27
None,L,Stop_Reset,SARSA,0.17,89
None,L,Stop_Reset,SARSA,0.17,42
None,L,Stop_Reset,SARSA,0.18,25
None,L,Stop_Reset,SARSA,0.18,38
None,L,Stop_Reset,SARSA,0.18,45
None,L,Stop_Reset,SARSA,0.18,125
None,L,Stop_Reset,SARSA,0.18,51
None,L,Stop_Reset,SARSA,0.18,40
None,L,Stop_Reset,SARSA,0.18,52
None,L,Stop_Reset,SARSA,0.18,31
None,L,Stop_Reset,SARSA,0.18,75
None,L,Stop_Reset,SARSA,0.18,31
None,L,Stop_Reset,SARSA,0.19,30
None,L,Stop_Reset,SARSA,0.19,63
None,L,Stop_Reset,SARSA,0.19,68
None,L,Stop_Reset,SARSA,0.19,18
None,L,Stop_Reset,SARSA,0.19,66
None,L,Stop_Reset,SARSA,0.19,29
None,L,Stop_Reset,SARSA,0.19,66
None,L,Stop_Reset,SARSA,0.19,14
None,L,Stop_Reset,SARSA,0.19,59
None,L,Stop_Reset,SARSA,0.19,43
None,L,Stop_Reset,SARSA,0.2,57
None,L,Stop_Reset,SARSA,0.2,36
None,L,Stop_Reset,SARSA,0.2,23
None,L,Stop_Reset,SARSA,0.2,26
None,L,Stop_Reset,SARSA,0.2,38
None,L,Stop_Reset,SARSA,0.2,51
None,L,Stop_Reset,SARSA,0.2,98
None,L,Stop_Reset,SARSA,0.2,50
None,L,Stop_Reset,SARSA,0.2,83
None,L,Stop_Reset,SARSA,0.2,45
